{
"lengthUnit": "mil",
"components": {
	"fields": ["COMPONENT_NO", "COMPONENT_NAME", "LAYER", "X_COORDINATE", "Y_COORDINATE", "ANGLE"],
	"rows": [
		[1, "C1", "T", -246.06, 511.81, 270],
		[2, "C2", "T", -226.38, 639.76, 0],
		[3, "C3", "T", -226.38, 590.55, 0],
		[4, "C4", "T", -226.38, 329.72, 0],
		[5, "C5", "T", 0, 177.17, 180],
		[6, "C6", "T", 73.82, 590.55, 0],
		[7, "C7", "T", -29.53, 590.55, 180],
		[8, "C8", "T", -29.53, 541.34, 180],
		[9, "C9", "T", 541.34, -4.92, 90],
		[10, "C10", "T", -364.17, 49.21, 270],
		[11, "C11", "T", -314.96, 49.21, 270],
		[12, "C12", "T", -127.95, 639.76, 0],
		[13, "C13", "T", -29.53, 639.76, 180],
		[14, "C14", "T", 211.61, 280.51, 270],
		[15, "C15", "T", 260.83, 280.51, 270],
		[16, "C16", "T", -191.93, 196.85, 180],
		[17, "C17", "T", -191.93, 59.06, 0],
		[18, "C18", "T", -246.06, 403.54, 90],
		[19, "C19", "T", 108.27, -472.44, 180],
		[20, "C20", "T", 108.27, -418.31, 180],
		[21, "C22", "T", 359.25, 108.27, 270],
		[22, "C23", "T", 418.31, 108.27, 270],
		[23, "C24", "T", 246.06, 14.76, 180],
		[24, "C25", "T", -339.57, 172.24, 0],
		[25, "C26", "T", -339.57, 123.03, 180],
		[26, "H1", "T", 206.69, 718.5, 0],
		[27, "H7", "T", -98.43, 718.5, 0],
		[28, "L1", "T", -206.69, 511.81, 270],
		[29, "L2", "T", 34.45, -447.83, 90],
		[30, "LED1", "T", -246.06, -78.74, 180],
		[31, "LED2", "T", 246.06, -78.74, 0],
		[32, "MH1", "T", 633.86, 633.86, 0],
		[33, "MH2", "T", -633.86, 633.86, 0],
		[34, "MH3", "T", 633.86, -633.86, 0],
		[35, "MH4", "T", -633.86, -633.86, 0],
		[36, "R1", "T", 428.15, -364.17, 270],
		[37, "R2", "T", 2.65, 61.7, 0],
		[38, "R3", "T", -196.85, -147.64, 180],
		[39, "R4", "T", 236.22, -142.72, 180],
		[40, "R10", "T", -127.95, 590.55, 180],
		[41, "R11", "T", -206.69, 403.54, 90],
		[42, "R12", "T", -75.42, -447.83, 90],
		[43, "R13", "T", -29.53, -447.83, 90],
		[44, "R14", "T", -226.38, -447.83, 180],
		[45, "R15", "T", -142.72, -447.83, 180],
		[46, "R16", "T", 72.16, 542.86, 0],
		[47, "SW1", "T", -600.39, -364.17, 0],
		[48, "SW2", "T", 600.39, -364.17, 0],
		[49, "SW3", "T", 0, -78.74, 0],
		[50, "SW4", "T", 688.98, 0, 90],
		[51, "TV1", "T", 0, -314.96, 90],
		[52, "U1", "T", 0, 359.25, 0],
		[53, "U2", "T", -570.87, 98.43, 0],
		[54, "U3", "T", 246.06, 108.27, 0],
		[55, "USBC1", "T", 0, -639.76, 0],
		[56, "X1", "T", -349.41, 462.6, 0],
		[57, "X3", "T", -191.93, 127.95, 180]
	]
},
"pins": {
	"fields": ["PIN_NO", "PIN_NAME", "PIN_X", "PIN_Y", "LAYER", "PIN_TYPE", "NET_NAME", "NET_TYPE", "PAD_SHAPE", "PAD_SIZEX", "PAD_SIZEY", "HOLE_SIZE", "PAD_ANGLE"],
	"rows": [
		[1, "C1_1", -246.06, 533.27, "T", "SMD", "GND", "GND", "R", 31.11, 21.26, 0, 270],
		[2, "C1_2", -246.06, 490.35, "T", "SMD", "$1N292", "", "R", 31.11, 21.26, 0, 270],
		[3, "C2_1", -247.84, 639.76, "T", "SMD", "GND", "GND", "R", 31.11, 21.26, 0, 0],
		[4, "C2_2", -204.92, 639.76, "T", "SMD", "+3V3", "", "R", 31.11, 21.26, 0, 0],
		[5, "C3_1", -247.84, 590.55, "T", "SMD", "GND", "GND", "R", 31.11, 21.26, 0, 0],
		[6, "C3_2", -204.92, 590.55, "T", "SMD", "+3V3", "", "R", 31.11, 21.26, 0, 0],
		[7, "C4_1", -247.84, 329.72, "T", "SMD", "GND", "GND", "R", 31.11, 21.26, 0, 0],
		[8, "C4_2", -204.92, 329.72, "T", "SMD", "+3V3", "", "R", 31.11, 21.26, 0, 0],
		[9, "C5_1", 21.46, 177.17, "T", "SMD", "GND", "GND", "R", 31.11, 21.26, 0, 180],
		[10, "C5_2", -21.46, 177.17, "T", "SMD", "+3V3", "", "R", 31.11, 21.26, 0, 180],
		[11, "C6_1", 52.36, 590.55, "T", "SMD", "GND", "GND", "R", 31.11, 21.26, 0, 0],
		[12, "C6_2", 95.28, 590.55, "T", "SMD", "+3V3", "", "R", 31.11, 21.26, 0, 0],
		[13, "C7_1", -8.07, 590.55, "T", "SMD", "GND", "GND", "R", 31.11, 21.26, 0, 180],
		[14, "C7_2", -50.99, 590.55, "T", "SMD", "+3V3", "", "R", 31.11, 21.26, 0, 180],
		[15, "C8_1", -8.07, 541.34, "T", "SMD", "GND", "GND", "R", 31.11, 21.26, 0, 180],
		[16, "C8_2", -50.99, 541.34, "T", "SMD", "+3V3", "", "R", 31.11, 21.26, 0, 180],
		[17, "C9_1", 541.34, -26.38, "T", "SMD", "+5V", "", "R", 31.11, 21.26, 0, 90],
		[18, "C9_2", 541.34, 16.54, "T", "SMD", "GND", "GND", "R", 31.11, 21.26, 0, 90],
		[19, "C10_1", -364.17, 70.67, "T", "SMD", "+3V3", "", "R", 31.11, 21.26, 0, 270],
		[20, "C10_2", -364.17, 27.75, "T", "SMD", "GND", "GND", "R", 31.11, 21.26, 0, 270],
		[21, "C11_1", -314.96, 70.67, "T", "SMD", "+3V3", "", "R", 31.11, 21.26, 0, 270],
		[22, "C11_2", -314.96, 27.75, "T", "SMD", "GND", "GND", "R", 31.11, 21.26, 0, 270],
		[23, "C12_1", -149.41, 639.76, "T", "SMD", "CRYSTAL_1", "", "R", 31.11, 21.26, 0, 0],
		[24, "C12_2", -106.49, 639.76, "T", "SMD", "GND", "GND", "R", 31.11, 21.26, 0, 0],
		[25, "C13_1", -8.07, 639.76, "T", "SMD", "GND", "GND", "R", 31.11, 21.26, 0, 180],
		[26, "C13_2", -50.99, 639.76, "T", "SMD", "CRYSTAL_3", "", "R", 31.11, 21.26, 0, 180],
		[27, "C14_1", 211.61, 301.97, "T", "SMD", "GND", "GND", "R", 31.11, 21.26, 0, 270],
		[28, "C14_2", 211.61, 259.05, "T", "SMD", "VDD_SPI", "", "R", 31.11, 21.26, 0, 270],
		[29, "C15_1", 260.83, 301.97, "T", "SMD", "GND", "GND", "R", 31.11, 21.26, 0, 270],
		[30, "C15_2", 260.83, 259.05, "T", "SMD", "VDD_SPI", "", "R", 31.11, 21.26, 0, 270],
		[31, "C16_1", -170.47, 196.85, "T", "SMD", "GND", "GND", "R", 31.11, 21.26, 0, 180],
		[32, "C16_2", -213.39, 196.85, "T", "SMD", "XTAL32P", "", "R", 31.11, 21.26, 0, 180],
		[33, "C17_1", -213.39, 59.06, "T", "SMD", "GND", "GND", "R", 31.11, 21.26, 0, 0],
		[34, "C17_2", -170.47, 59.06, "T", "SMD", "XTAL32N", "", "R", 31.11, 21.26, 0, 0],
		[35, "C18_1", -246.06, 382.08, "T", "SMD", "GND", "GND", "R", 31.11, 21.26, 0, 90],
		[36, "C18_2", -246.06, 425, "T", "SMD", "EN", "", "R", 31.11, 21.26, 0, 90],
		[37, "C19_1", 129.73, -472.44, "T", "SMD", "GND", "GND", "R", 31.11, 21.26, 0, 180],
		[38, "C19_2", 86.81, -472.44, "T", "SMD", "+5V_USB", "", "R", 31.11, 21.26, 0, 180],
		[39, "C20_1", 129.73, -418.31, "T", "SMD", "GND", "GND", "R", 31.11, 21.26, 0, 180],
		[40, "C20_2", 86.81, -418.31, "T", "SMD", "VBUS_FILT", "", "R", 31.11, 21.26, 0, 180],
		[41, "C22_1", 359.25, 129.73, "T", "SMD", "GND", "GND", "R", 31.11, 21.26, 0, 270],
		[42, "C22_2", 359.25, 86.81, "T", "SMD", "+3V3", "", "R", 31.11, 21.26, 0, 270],
		[43, "C23_1", 418.31, 135.83, "T", "SMD", "GND", "GND", "R", 31.5, 35.43, 0, 270],
		[44, "C23_2", 418.31, 80.71, "T", "SMD", "+3V3", "", "R", 31.5, 35.43, 0, 270],
		[45, "C24_1", 267.52, 14.76, "T", "SMD", "GND", "GND", "R", 31.11, 21.26, 0, 180],
		[46, "C24_2", 224.6, 14.76, "T", "SMD", "+3V3", "", "R", 31.11, 21.26, 0, 180],
		[47, "C25_1", -361.03, 172.24, "T", "SMD", "+5V", "", "R", 31.11, 21.26, 0, 0],
		[48, "C25_2", -318.11, 172.24, "T", "SMD", "GND", "GND", "R", 31.11, 21.26, 0, 0],
		[49, "C26_1", -318.11, 123.03, "T", "SMD", "GND", "GND", "R", 31.11, 21.26, 0, 180],
		[50, "C26_2", -361.03, 123.03, "T", "SMD", "+3V3", "", "R", 31.11, 21.26, 0, 180],
		[51, "H1_1", 156.69, 718.5, "T", "DIP", "GND", "GND", "R", 78.74, 78.74, 47.24, 0],
		[52, "H1_1", 156.69, 718.5, "B", "DIP", "GND", "GND", "R", 78.74, 78.74, 47.24, 0],
		[53, "H1_2", 256.69, 718.5, "T", "DIP", "+5V_EXT", "", "C", 78.74, 78.74, 47.24, 0],
		[54, "H1_2", 256.69, 718.5, "B", "DIP", "+5V_EXT", "", "C", 78.74, 78.74, 47.24, 0],
		[55, "H7_1", -248.43, 718.5, "T", "DIP", "GND", "GND", "R", 66.93, 66.93, 43.31, 0],
		[56, "H7_1", -248.43, 718.5, "B", "DIP", "GND", "GND", "R", 66.93, 66.93, 43.31, 0],
		[57, "H7_2", -148.43, 718.5, "T", "DIP", "+3V3", "", "C", 66.93, 66.93, 43.31, 0],
		[58, "H7_2", -148.43, 718.5, "B", "DIP", "+3V3", "", "C", 66.93, 66.93, 43.31, 0],
		[59, "H7_3", -48.43, 718.5, "T", "DIP", "TXD2", "", "C", 66.93, 66.93, 43.31, 0],
		[60, "H7_3", -48.43, 718.5, "B", "DIP", "TXD2", "", "C", 66.93, 66.93, 43.31, 0],
		[61, "H7_4", 51.57, 718.5, "T", "DIP", "RXD2", "", "C", 66.93, 66.93, 43.31, 0],
		[62, "H7_4", 51.57, 718.5, "B", "DIP", "RXD2", "", "C", 66.93, 66.93, 43.31, 0],
		[63, "L1_1", -206.69, 533.27, "T", "SMD", "+3V3", "", "R", 31.11, 21.26, 0, 270],
		[64, "L1_2", -206.69, 490.35, "T", "SMD", "$1N292", "", "R", 31.11, 21.26, 0, 270],
		[65, "L2_1", 34.45, -469.29, "T", "SMD", "+5V_USB", "", "R", 31.11, 21.26, 0, 90],
		[66, "L2_2", 34.45, -426.37, "T", "SMD", "VBUS_FILT", "", "R", 31.11, 21.26, 0, 90],
		[67, "LED1_1", -214.59, -78.74, "T", "SMD", "$1N2464", "", "R", 31.5, 31.5, 0, 270],
		[68, "LED1_2", -277.54, -78.75, "T", "SMD", "+3V3", "", "R", 31.5, 31.5, 0, 270],
		[69, "LED2_1", 214.59, -78.75, "T", "SMD", "$1N2575", "", "R", 31.5, 31.5, 0, 90],
		[70, "LED2_2", 277.54, -78.74, "T", "SMD", "IO1", "", "R", 31.5, 31.5, 0, 90],
		[71, "MH1_1", 700.67, 700.67, "T", "DIP", "GND", "GND", "C", 23.62, 23.62, 11.81, 0],
		[72, "MH1_1", 700.67, 700.67, "B", "DIP", "GND", "GND", "C", 23.62, 23.62, 11.81, 0],
		[73, "MH1_1", 633.86, 728.35, "T", "DIP", "GND", "GND", "C", 23.62, 23.62, 11.81, 0],
		[74, "MH1_1", 633.86, 728.35, "B", "DIP", "GND", "GND", "C", 23.62, 23.62, 11.81, 0],
		[75, "MH1_1", 567.05, 700.67, "T", "DIP", "GND", "GND", "C", 23.62, 23.62, 11.81, 0],
		[76, "MH1_1", 567.05, 700.67, "B", "DIP", "GND", "GND", "C", 23.62, 23.62, 11.81, 0],
		[77, "MH1_1", 539.37, 633.86, "T", "DIP", "GND", "GND", "C", 23.62, 23.62, 11.81, 0],
		[78, "MH1_1", 539.37, 633.86, "B", "DIP", "GND", "GND", "C", 23.62, 23.62, 11.81, 0],
		[79, "MH1_1", 567.05, 567.05, "T", "DIP", "GND", "GND", "C", 23.62, 23.62, 11.81, 0],
		[80, "MH1_1", 567.05, 567.05, "B", "DIP", "GND", "GND", "C", 23.62, 23.62, 11.81, 0],
		[81, "MH1_1", 633.86, 539.37, "T", "DIP", "GND", "GND", "C", 23.62, 23.62, 11.81, 0],
		[82, "MH1_1", 633.86, 539.37, "B", "DIP", "GND", "GND", "C", 23.62, 23.62, 11.81, 0],
		[83, "MH1_1", 700.67, 567.05, "T", "DIP", "GND", "GND", "C", 23.62, 23.62, 11.81, 0],
		[84, "MH1_1", 700.67, 567.05, "B", "DIP", "GND", "GND", "C", 23.62, 23.62, 11.81, 0],
		[85, "MH1_1", 728.35, 633.86, "T", "DIP", "GND", "GND", "C", 23.62, 23.62, 11.81, 0],
		[86, "MH1_1", 728.35, 633.86, "B", "DIP", "GND", "GND", "C", 23.62, 23.62, 11.81, 0],
		[87, "MH1_1", 633.86, 633.86, "T", "DIP", "GND", "GND", "C", 246.06, 246.06, 125.98, 0],
		[88, "MH1_1", 633.86, 633.86, "B", "DIP", "GND", "GND", "C", 246.06, 246.06, 125.98, 0],
		[89, "MH2_1", -567.05, 700.67, "T", "DIP", "GND", "GND", "C", 23.62, 23.62, 11.81, 0],
		[90, "MH2_1", -567.05, 700.67, "B", "DIP", "GND", "GND", "C", 23.62, 23.62, 11.81, 0],
		[91, "MH2_1", -633.86, 728.35, "T", "DIP", "GND", "GND", "C", 23.62, 23.62, 11.81, 0],
		[92, "MH2_1", -633.86, 728.35, "B", "DIP", "GND", "GND", "C", 23.62, 23.62, 11.81, 0],
		[93, "MH2_1", -700.67, 700.67, "T", "DIP", "GND", "GND", "C", 23.62, 23.62, 11.81, 0],
		[94, "MH2_1", -700.67, 700.67, "B", "DIP", "GND", "GND", "C", 23.62, 23.62, 11.81, 0],
		[95, "MH2_1", -728.35, 633.86, "T", "DIP", "GND", "GND", "C", 23.62, 23.62, 11.81, 0],
		[96, "MH2_1", -728.35, 633.86, "B", "DIP", "GND", "GND", "C", 23.62, 23.62, 11.81, 0],
		[97, "MH2_1", -700.67, 567.05, "T", "DIP", "GND", "GND", "C", 23.62, 23.62, 11.81, 0],
		[98, "MH2_1", -700.67, 567.05, "B", "DIP", "GND", "GND", "C", 23.62, 23.62, 11.81, 0],
		[99, "MH2_1", -633.86, 539.37, "T", "DIP", "GND", "GND", "C", 23.62, 23.62, 11.81, 0],
		[100, "MH2_1", -633.86, 539.37, "B", "DIP", "GND", "GND", "C", 23.62, 23.62, 11.81, 0],
		[101, "MH2_1", -567.05, 567.05, "T", "DIP", "GND", "GND", "C", 23.62, 23.62, 11.81, 0],
		[102, "MH2_1", -567.05, 567.05, "B", "DIP", "GND", "GND", "C", 23.62, 23.62, 11.81, 0],
		[103, "MH2_1", -539.37, 633.86, "T", "DIP", "GND", "GND", "C", 23.62, 23.62, 11.81, 0],
		[104, "MH2_1", -539.37, 633.86, "B", "DIP", "GND", "GND", "C", 23.62, 23.62, 11.81, 0],
		[105, "MH2_1", -633.86, 633.86, "T", "DIP", "GND", "GND", "C", 246.06, 246.06, 125.98, 0],
		[106, "MH2_1", -633.86, 633.86, "B", "DIP", "GND", "GND", "C", 246.06, 246.06, 125.98, 0],
		[107, "MH3_1", 700.67, -567.05, "T", "DIP", "GND", "GND", "C", 23.62, 23.62, 11.81, 0],
		[108, "MH3_1", 700.67, -567.05, "B", "DIP", "GND", "GND", "C", 23.62, 23.62, 11.81, 0],
		[109, "MH3_1", 633.86, -539.37, "T", "DIP", "GND", "GND", "C", 23.62, 23.62, 11.81, 0],
		[110, "MH3_1", 633.86, -539.37, "B", "DIP", "GND", "GND", "C", 23.62, 23.62, 11.81, 0],
		[111, "MH3_1", 567.05, -567.05, "T", "DIP", "GND", "GND", "C", 23.62, 23.62, 11.81, 0],
		[112, "MH3_1", 567.05, -567.05, "B", "DIP", "GND", "GND", "C", 23.62, 23.62, 11.81, 0],
		[113, "MH3_1", 539.37, -633.86, "T", "DIP", "GND", "GND", "C", 23.62, 23.62, 11.81, 0],
		[114, "MH3_1", 539.37, -633.86, "B", "DIP", "GND", "GND", "C", 23.62, 23.62, 11.81, 0],
		[115, "MH3_1", 567.05, -700.67, "T", "DIP", "GND", "GND", "C", 23.62, 23.62, 11.81, 0],
		[116, "MH3_1", 567.05, -700.67, "B", "DIP", "GND", "GND", "C", 23.62, 23.62, 11.81, 0],
		[117, "MH3_1", 633.86, -728.35, "T", "DIP", "GND", "GND", "C", 23.62, 23.62, 11.81, 0],
		[118, "MH3_1", 633.86, -728.35, "B", "DIP", "GND", "GND", "C", 23.62, 23.62, 11.81, 0],
		[119, "MH3_1", 700.67, -700.67, "T", "DIP", "GND", "GND", "C", 23.62, 23.62, 11.81, 0],
		[120, "MH3_1", 700.67, -700.67, "B", "DIP", "GND", "GND", "C", 23.62, 23.62, 11.81, 0],
		[121, "MH3_1", 728.35, -633.86, "T", "DIP", "GND", "GND", "C", 23.62, 23.62, 11.81, 0],
		[122, "MH3_1", 728.35, -633.86, "B", "DIP", "GND", "GND", "C", 23.62, 23.62, 11.81, 0],
		[123, "MH3_1", 633.86, -633.86, "T", "DIP", "GND", "GND", "C", 246.06, 246.06, 125.98, 0],
		[124, "MH3_1", 633.86, -633.86, "B", "DIP", "GND", "GND", "C", 246.06, 246.06, 125.98, 0],
		[125, "MH4_1", -567.05, -567.05, "T", "DIP", "GND", "GND", "C", 23.62, 23.62, 11.81, 0],
		[126, "MH4_1", -567.05, -567.05, "B", "DIP", "GND", "GND", "C", 23.62, 23.62, 11.81, 0],
		[127, "MH4_1", -633.86, -539.37, "T", "DIP", "GND", "GND", "C", 23.62, 23.62, 11.81, 0],
		[128, "MH4_1", -633.86, -539.37, "B", "DIP", "GND", "GND", "C", 23.62, 23.62, 11.81, 0],
		[129, "MH4_1", -700.67, -567.05, "T", "DIP", "GND", "GND", "C", 23.62, 23.62, 11.81, 0],
		[130, "MH4_1", -700.67, -567.05, "B", "DIP", "GND", "GND", "C", 23.62, 23.62, 11.81, 0],
		[131, "MH4_1", -728.35, -633.86, "T", "DIP", "GND", "GND", "C", 23.62, 23.62, 11.81, 0],
		[132, "MH4_1", -728.35, -633.86, "B", "DIP", "GND", "GND", "C", 23.62, 23.62, 11.81, 0],
		[133, "MH4_1", -700.67, -700.67, "T", "DIP", "GND", "GND", "C", 23.62, 23.62, 11.81, 0],
		[134, "MH4_1", -700.67, -700.67, "B", "DIP", "GND", "GND", "C", 23.62, 23.62, 11.81, 0],
		[135, "MH4_1", -633.86, -728.35, "T", "DIP", "GND", "GND", "C", 23.62, 23.62, 11.81, 0],
		[136, "MH4_1", -633.86, -728.35, "B", "DIP", "GND", "GND", "C", 23.62, 23.62, 11.81, 0],
		[137, "MH4_1", -567.05, -700.67, "T", "DIP", "GND", "GND", "C", 23.62, 23.62, 11.81, 0],
		[138, "MH4_1", -567.05, -700.67, "B", "DIP", "GND", "GND", "C", 23.62, 23.62, 11.81, 0],
		[139, "MH4_1", -539.37, -633.86, "T", "DIP", "GND", "GND", "C", 23.62, 23.62, 11.81, 0],
		[140, "MH4_1", -539.37, -633.86, "B", "DIP", "GND", "GND", "C", 23.62, 23.62, 11.81, 0],
		[141, "MH4_1", -633.86, -633.86, "T", "DIP", "GND", "GND", "C", 246.06, 246.06, 125.98, 0],
		[142, "MH4_1", -633.86, -633.86, "B", "DIP", "GND", "GND", "C", 246.06, 246.06, 125.98, 0],
		[143, "R1_1", 428.15, -347.13, "T", "SMD", "IO0", "", "R", 22.27, 21.26, 0, 270],
		[144, "R1_2", 428.15, -381.21, "T", "SMD", "+3V3", "", "R", 22.27, 21.26, 0, 270],
		[145, "R2_1", -14.39, 61.7, "T", "SMD", "IO14", "", "R", 22.27, 21.26, 0, 0],
		[146, "R2_2", 19.68, 61.7, "T", "SMD", "+3V3", "", "R", 22.27, 21.26, 0, 0],
		[147, "R3_1", -179.81, -147.64, "T", "SMD", "GND", "GND", "R", 22.27, 21.26, 0, 180],
		[148, "R3_2", -213.89, -147.64, "T", "SMD", "$1N2464", "", "R", 22.27, 21.26, 0, 180],
		[149, "R4_1", 253.26, -142.72, "T", "SMD", "GND", "GND", "R", 22.27, 21.26, 0, 180],
		[150, "R4_2", 219.18, -142.72, "T", "SMD", "$1N2575", "", "R", 22.27, 21.26, 0, 180],
		[151, "R10_1", -110.91, 590.55, "T", "SMD", "$1N3132", "", "R", 22.27, 21.26, 0, 180],
		[152, "R10_2", -144.99, 590.55, "T", "SMD", "CRYSTAL_1", "", "R", 22.27, 21.26, 0, 180],
		[153, "R11_1", -206.69, 386.5, "T", "SMD", "+3V3", "", "R", 22.27, 21.26, 0, 90],
		[154, "R11_2", -206.69, 420.58, "T", "SMD", "EN", "", "R", 22.27, 21.26, 0, 90],
		[155, "R12_1", -75.42, -464.87, "T", "SMD", "$1N4280", "", "R", 22.27, 21.26, 0, 90],
		[156, "R12_2", -75.42, -430.79, "T", "SMD", "USB_D-", "", "R", 22.27, 21.26, 0, 90],
		[157, "R13_1", -29.53, -464.87, "T", "SMD", "$1N4267", "", "R", 22.27, 21.26, 0, 90],
		[158, "R13_2", -29.53, -430.79, "T", "SMD", "USB_D+", "", "R", 22.27, 21.26, 0, 90],
		[159, "R14_1", -209.34, -447.83, "T", "SMD", "GND", "GND", "R", 22.27, 21.26, 0, 180],
		[160, "R14_2", -243.42, -447.83, "T", "SMD", "$1N4715", "", "R", 22.27, 21.26, 0, 180],
		[161, "R15_1", -125.68, -447.83, "T", "SMD", "$1N4754", "", "R", 22.27, 21.26, 0, 180],
		[162, "R15_2", -159.76, -447.83, "T", "SMD", "GND", "GND", "R", 22.27, 21.26, 0, 180],
		[163, "R16_1", 55.12, 542.86, "T", "SMD", "$1N9608", "", "R", 22.27, 21.26, 0, 0],
		[164, "R16_2", 89.2, 542.86, "T", "SMD", "TXD2", "", "R", 22.27, 21.26, 0, 0],
		[165, "SW1_1", -718.5, -290.35, "T", "SMD", "EN", "", "R", 39.37, 29.53, 0, 0],
		[166, "SW1_2", -482.28, -290.35, "T", "SMD", "SW1_2", "", "R", 39.37, 29.53, 0, 0],
		[167, "SW1_3", -718.5, -437.99, "T", "SMD", "GND", "GND", "R", 39.37, 29.53, 0, 0],
		[168, "SW1_4", -482.28, -437.99, "T", "SMD", "SW1_4", "", "R", 39.37, 29.53, 0, 0],
		[169, "SW2_1", 482.28, -290.35, "T", "SMD", "IO0", "", "R", 39.37, 29.53, 0, 0],
		[170, "SW2_2", 718.5, -290.35, "T", "SMD", "SW2_2", "", "R", 39.37, 29.53, 0, 0],
		[171, "SW2_3", 482.28, -437.99, "T", "SMD", "GND", "GND", "R", 39.37, 29.53, 0, 0],
		[172, "SW2_4", 718.5, -437.99, "T", "SMD", "SW2_4", "", "R", 39.37, 29.53, 0, 0],
		[173, "SW3_1", -118.11, -4.92, "T", "SMD", "IO14", "", "R", 39.37, 29.53, 0, 0],
		[174, "SW3_2", 118.11, -4.92, "T", "SMD", "SW3_2", "", "R", 39.37, 29.53, 0, 0],
		[175, "SW3_3", -118.11, -152.56, "T", "SMD", "GND", "GND", "R", 39.37, 29.53, 0, 0],
		[176, "SW3_4", 118.11, -152.56, "T", "SMD", "SW3_4", "", "R", 39.37, 29.53, 0, 0],
		[177, "SW4_1", 631.89, -39.37, "T", "SMD", "+5V_EXT", "", "R", 27.56, 59.05, 0, 90],
		[178, "SW4_2", 631.89, 0, "T", "SMD", "+5V", "", "R", 27.56, 59.05, 0, 90],
		[179, "SW4_3", 631.89, 39.37, "T", "SMD", "VBUS_FILT", "", "R", 27.56, 59.05, 0, 90],
		[180, "SW4_4", 659.45, -108.27, "T", "SMD", "SW4_4", "", "R", 39.37, 31.5, 0, 90],
		[181, "SW4_4", 746.07, -108.27, "T", "SMD", "SW4_A_4", "", "R", 39.37, 31.5, 0, 90],
		[182, "SW4_5", 659.45, 108.27, "T", "SMD", "SW4_5", "", "R", 39.37, 31.5, 0, 90],
		[183, "SW4_5", 746.07, 108.27, "T", "SMD", "SW4_A_5", "", "R", 39.37, 31.5, 0, 90],
		[184, "TV1_1", 37.4, -261.81, "T", "SMD", "USB_DP", "", "R", 43.31, 23.62, 0, 90],
		[185, "TV1_2", 0, -261.81, "T", "SMD", "GND", "GND", "R", 43.31, 23.62, 0, 90],
		[186, "TV1_3", -37.4, -261.81, "T", "SMD", "USB_DN", "", "R", 43.31, 23.62, 0, 90],
		[187, "TV1_4", -37.4, -368.11, "T", "SMD", "USB_D-", "", "R", 43.31, 23.62, 0, 90],
		[188, "TV1_5", 0, -368.11, "T", "SMD", "+5V_USB", "", "R", 43.31, 23.62, 0, 90],
		[189, "TV1_6", 37.4, -368.11, "T", "SMD", "USB_D+", "", "R", 43.31, 23.62, 0, 90],
		[190, "U1_1", -134.16, 461.62, "T", "SMD", "U1_1", "", "R", 26.18, 7.87, 0, 0],
		[191, "U1_2", -134.16, 445.87, "T", "SMD", "$1N292", "", "R", 26.18, 7.87, 0, 0],
		[192, "U1_3", -134.16, 430.12, "T", "SMD", "$1N292", "", "R", 26.18, 7.87, 0, 0],
		[193, "U1_4", -134.16, 414.38, "T", "SMD", "EN", "", "R", 26.18, 7.87, 0, 0],
		[194, "U1_5", -134.16, 398.63, "T", "SMD", "IO0", "", "R", 26.18, 7.87, 0, 0],
		[195, "U1_6", -134.16, 382.88, "T", "SMD", "IO1", "", "R", 26.18, 7.87, 0, 0],
		[196, "U1_7", -134.16, 367.13, "T", "SMD", "U1_7", "", "R", 26.18, 7.87, 0, 0],
		[197, "U1_8", -134.16, 351.38, "T", "SMD", "U1_8", "", "R", 26.18, 7.87, 0, 0],
		[198, "U1_9", -134.16, 335.64, "T", "SMD", "U1_9", "", "R", 26.18, 7.87, 0, 0],
		[199, "U1_10", -134.16, 319.89, "T", "SMD", "U1_10", "", "R", 26.18, 7.87, 0, 0],
		[200, "U1_11", -134.16, 304.14, "T", "SMD", "U1_11", "", "R", 26.18, 7.87, 0, 0],
		[201, "U1_12", -134.16, 288.39, "T", "SMD", "U1_12", "", "R", 26.18, 7.87, 0, 0],
		[202, "U1_13", -134.16, 272.64, "T", "SMD", "U1_13", "", "R", 26.18, 7.87, 0, 0],
		[203, "U1_14", -134.16, 256.9, "T", "SMD", "U1_14", "", "R", 26.18, 7.87, 0, 0],
		[204, "U1_15", -102.36, 225.1, "T", "SMD", "FSPI_CS0", "", "R", 7.87, 26.18, 0, 0],
		[205, "U1_16", -86.62, 225.1, "T", "SMD", "FSPI_D", "", "R", 7.87, 26.18, 0, 0],
		[206, "U1_17", -70.86, 225.1, "T", "SMD", "FSPI_CLK", "", "R", 7.87, 26.18, 0, 0],
		[207, "U1_18", -55.11, 225.1, "T", "SMD", "FSPI_Q", "", "R", 7.87, 26.18, 0, 0],
		[208, "U1_19", -39.37, 225.1, "T", "SMD", "IO14", "", "R", 7.87, 26.18, 0, 0],
		[209, "U1_20", -23.61, 225.1, "T", "SMD", "+3V3", "", "R", 7.87, 26.18, 0, 0],
		[210, "U1_21", -7.88, 225.1, "T", "SMD", "XTAL32P", "", "R", 7.87, 26.18, 0, 0],
		[211, "U1_22", 7.88, 225.1, "T", "SMD", "XTAL32N", "", "R", 7.87, 26.18, 0, 0],
		[212, "U1_23", 23.63, 225.1, "T", "SMD", "U1_23", "", "R", 7.87, 26.18, 0, 0],
		[213, "U1_24", 39.38, 225.1, "T", "SMD", "U1_24", "", "R", 7.87, 26.18, 0, 0],
		[214, "U1_25", 55.13, 225.1, "T", "SMD", "USB_DN", "", "R", 7.87, 26.18, 0, 0],
		[215, "U1_26", 70.86, 225.1, "T", "SMD", "USB_DP", "", "R", 7.87, 26.18, 0, 0],
		[216, "U1_27", 86.62, 225.1, "T", "SMD", "U1_27", "", "R", 7.87, 26.18, 0, 0],
		[217, "U1_28", 102.36, 225.1, "T", "SMD", "U1_28", "", "R", 7.87, 26.18, 0, 0],
		[218, "U1_29", 134.16, 256.9, "T", "SMD", "VDD_SPI", "", "R", 26.18, 7.87, 0, 0],
		[219, "U1_30", 134.16, 272.64, "T", "SMD", "U1_30", "", "R", 26.18, 7.87, 0, 0],
		[220, "U1_31", 134.16, 288.39, "T", "SMD", "U1_31", "", "R", 26.18, 7.87, 0, 0],
		[221, "U1_32", 134.16, 304.14, "T", "SMD", "U1_32", "", "R", 26.18, 7.87, 0, 0],
		[222, "U1_33", 134.16, 319.89, "T", "SMD", "U1_33", "", "R", 26.18, 7.87, 0, 0],
		[223, "U1_34", 134.16, 335.64, "T", "SMD", "U1_34", "", "R", 26.18, 7.87, 0, 0],
		[224, "U1_35", 134.16, 351.38, "T", "SMD", "U1_35", "", "R", 26.18, 7.87, 0, 0],
		[225, "U1_36", 134.16, 367.13, "T", "SMD", "U1_36", "", "R", 26.18, 7.87, 0, 0],
		[226, "U1_37", 134.16, 382.88, "T", "SMD", "U1_37", "", "R", 26.18, 7.87, 0, 0],
		[227, "U1_38", 134.16, 398.63, "T", "SMD", "U1_38", "", "R", 26.18, 7.87, 0, 0],
		[228, "U1_39", 134.16, 414.38, "T", "SMD", "U1_39", "", "R", 26.18, 7.87, 0, 0],
		[229, "U1_40", 134.16, 430.12, "T", "SMD", "U1_40", "", "R", 26.18, 7.87, 0, 0],
		[230, "U1_41", 134.16, 445.87, "T", "SMD", "U1_41", "", "R", 26.18, 7.87, 0, 0],
		[231, "U1_42", 134.16, 461.62, "T", "SMD", "U1_42", "", "R", 26.18, 7.87, 0, 0],
		[232, "U1_43", 102.36, 493.41, "T", "SMD", "U1_43", "", "R", 7.87, 26.18, 0, 0],
		[233, "U1_44", 86.62, 493.41, "T", "SMD", "U1_44", "", "R", 7.87, 26.18, 0, 0],
		[234, "U1_45", 70.86, 493.41, "T", "SMD", "U1_45", "", "R", 7.87, 26.18, 0, 0],
		[235, "U1_46", 55.13, 493.41, "T", "SMD", "+3V3", "", "R", 7.87, 26.18, 0, 0],
		[236, "U1_47", 39.38, 493.41, "T", "SMD", "U1_47", "", "R", 7.87, 26.18, 0, 0],
		[237, "U1_48", 23.63, 493.41, "T", "SMD", "U1_48", "", "R", 7.87, 26.18, 0, 0],
		[238, "U1_49", 7.88, 493.41, "T", "SMD", "$1N9608", "", "R", 7.87, 26.18, 0, 0],
		[239, "U1_50", -7.88, 493.41, "T", "SMD", "RXD2", "", "R", 7.87, 26.18, 0, 0],
		[240, "U1_51", -23.61, 493.41, "T", "SMD", "+3V3", "", "R", 7.87, 26.18, 0, 0],
		[241, "U1_52", -39.37, 493.41, "T", "SMD", "U1_52", "", "R", 7.87, 26.18, 0, 0],
		[242, "U1_53", -55.11, 493.41, "T", "SMD", "CRYSTAL_3", "", "R", 7.87, 26.18, 0, 0],
		[243, "U1_54", -70.86, 493.41, "T", "SMD", "$1N3132", "", "R", 7.87, 26.18, 0, 0],
		[244, "U1_55", -86.62, 493.41, "T", "SMD", "+3V3", "", "R", 7.87, 26.18, 0, 0],
		[245, "U1_56", -102.36, 493.41, "T", "SMD", "+3V3", "", "R", 7.87, 26.18, 0, 0],
		[246, "U1_57", 0.01, 359.26, "T", "SMD", "GND", "GND", "R", 157.48, 157.48, 0, 0],
		[247, "U2_1", -453.94, 7.88, "T", "SMD", "GND", "GND", "R", 98.42, 43.31, 0, 0],
		[248, "U2_2", -453.94, 98.43, "T", "SMD", "+3V3", "", "R", 98.42, 43.31, 0, 0],
		[249, "U2_3", -453.94, 188.98, "T", "SMD", "+5V", "", "R", 98.42, 43.31, 0, 0],
		[250, "U2_4", -687.79, 98.43, "T", "SMD", "+3V3", "", "R", 92.13, 141.73, 0, 0],
		[251, "U3_1", 196.38, 137.8, "T", "SMD", "FSPI_Q", "", "R", 26.57, 11.02, 0, 0],
		[252, "U3_2", 196.38, 118.11, "T", "SMD", "U3_2", "", "R", 26.57, 11.02, 0, 0],
		[253, "U3_3", 196.38, 98.43, "T", "SMD", "U3_3", "", "R", 26.57, 11.02, 0, 0],
		[254, "U3_4", 196.38, 78.74, "T", "SMD", "U3_4", "", "R", 26.57, 11.02, 0, 0],
		[255, "U3_5", 226.38, 68.41, "T", "SMD", "+3V3", "", "R", 11.02, 26.57, 0, 0],
		[256, "U3_6", 246.06, 68.41, "T", "SMD", "GND", "GND", "R", 11.02, 26.57, 0, 0],
		[257, "U3_7", 265.75, 68.41, "T", "SMD", "GND", "GND", "R", 11.02, 26.57, 0, 0],
		[258, "U3_8", 295.75, 78.74, "T", "SMD", "+3V3", "", "R", 26.57, 11.02, 0, 0],
		[259, "U3_9", 295.75, 98.43, "T", "SMD", "U3_9", "", "R", 26.57, 11.02, 0, 0],
		[260, "U3_10", 295.75, 118.11, "T", "SMD", "U3_10", "", "R", 26.57, 11.02, 0, 0],
		[261, "U3_11", 295.75, 137.8, "T", "SMD", "GND", "GND", "R", 26.57, 11.02, 0, 0],
		[262, "U3_12", 265.75, 148.13, "T", "SMD", "FSPI_CS0", "", "R", 11.02, 26.57, 0, 0],
		[263, "U3_13", 246.06, 148.13, "T", "SMD", "FSPI_CLK", "", "R", 11.02, 26.57, 0, 0],
		[264, "U3_14", 226.38, 148.13, "T", "SMD", "FSPI_D", "", "R", 11.02, 26.57, 0, 0],
		[265, "USBC1_0", -170.28, -572.61, "T", "DIP", "GND", "GND", "O", 47.24, 78.74, 62.99, 0],
		[266, "USBC1_0", -170.28, -572.61, "B", "DIP", "GND", "GND", "O", 47.24, 78.74, 62.99, 0],
		[267, "USBC1_1", 170.28, -572.61, "T", "DIP", "GND", "GND", "O", 47.24, 78.74, 62.99, 0],
		[268, "USBC1_1", 170.28, -572.61, "B", "DIP", "GND", "GND", "O", 47.24, 78.74, 62.99, 0],
		[269, "USBC1_2", 170.28, -737.17, "T", "DIP", "GND", "GND", "O", 47.24, 70.87, 55.12, 0],
		[270, "USBC1_2", 170.28, -737.17, "B", "DIP", "GND", "GND", "O", 47.24, 70.87, 55.12, 0],
		[271, "USBC1_3", -170.28, -737.17, "T", "DIP", "GND", "GND", "O", 47.24, 70.87, 55.12, 0],
		[272, "USBC1_3", -170.28, -737.17, "B", "DIP", "GND", "GND", "O", 47.24, 70.87, 55.12, 0],
		[273, "USBC1_A1", -131.89, -542.36, "T", "SMD", "GND", "GND", "R", 11.81, 51.18, 0, 0],
		[274, "USBC1_A12", 131.89, -542.36, "T", "SMD", "GND", "GND", "R", 11.81, 51.18, 0, 0],
		[275, "USBC1_A4", -100.39, -542.36, "T", "SMD", "+5V_USB", "", "R", 11.81, 51.18, 0, 0],
		[276, "USBC1_A5", -49.21, -542.36, "T", "SMD", "$1N4754", "", "R", 11.81, 51.18, 0, 0],
		[277, "USBC1_A6", -9.84, -542.36, "T", "SMD", "$1N4267", "", "R", 11.81, 51.18, 0, 0],
		[278, "USBC1_A7", 9.84, -542.36, "T", "SMD", "$1N4280", "", "R", 11.81, 51.18, 0, 0],
		[279, "USBC1_A8", 49.2, -542.36, "T", "SMD", "USBC1_A8", "", "R", 11.81, 51.18, 0, 0],
		[280, "USBC1_A9", 100.4, -542.36, "T", "SMD", "+5V_USB", "", "R", 11.81, 51.18, 0, 0],
		[281, "USBC1_B1", 120.08, -542.36, "T", "SMD", "GND", "GND", "R", 11.81, 51.18, 0, 0],
		[282, "USBC1_B12", -120.08, -542.36, "T", "SMD", "GND", "GND", "R", 11.81, 51.18, 0, 0],
		[283, "USBC1_B4", 88.58, -542.36, "T", "SMD", "+5V_USB", "", "R", 11.81, 51.18, 0, 0],
		[284, "USBC1_B5", 68.9, -542.36, "T", "SMD", "$1N4715", "", "R", 11.81, 51.18, 0, 0],
		[285, "USBC1_B6", 29.53, -542.36, "T", "SMD", "$1N4267", "", "R", 11.81, 51.18, 0, 0],
		[286, "USBC1_B7", -29.53, -542.36, "T", "SMD", "$1N4280", "", "R", 11.81, 51.18, 0, 0],
		[287, "USBC1_B8", -68.9, -542.36, "T", "SMD", "USBC1_B8", "", "R", 11.81, 51.18, 0, 0],
		[288, "USBC1_B9", -88.58, -542.36, "T", "SMD", "+5V_USB", "", "R", 11.81, 51.18, 0, 0],
		[289, "X1_1", -386.81, 433.07, "T", "SMD", "CRYSTAL_1", "", "R", 47.24, 43.31, 0, 0],
		[290, "X1_2", -312.01, 433.07, "T", "SMD", "GND", "GND", "R", 47.24, 43.31, 0, 0],
		[291, "X1_3", -312.01, 492.13, "T", "SMD", "CRYSTAL_3", "", "R", 47.24, 43.31, 0, 0],
		[292, "X1_4", -386.81, 492.13, "T", "SMD", "GND", "GND", "R", 47.24, 43.31, 0, 0],
		[293, "X3_1", -142.71, 127.96, "T", "SMD", "XTAL32N", "", "R", 70.87, 39.37, 0, 270],
		[294, "X3_2", -241.14, 127.96, "T", "SMD", "XTAL32P", "", "R", 70.87, 39.37, 0, 270]
	]
}
}